Unnamed: 0,Date,Gender,Age,Product Category,Quantity,Price per Unit,Total Amount,Total_value,DAte
0,2023-11-24,Male,34,Beauty,3,50,150,150,2023-11-24
1,2023-02-27,Female,26,Clothing,2,500,1000,1000,2023-02-27
2,2023-01-13,Male,50,Electronics,1,30,30,30,2023-01-13
3,2023-05-21,Male,37,Clothing,1,500,500,500,2023-05-21
4,2023-05-06,Male,30,Beauty,2,50,100,100,2023-05-06
5,2023-04-25,Female,45,Beauty,1,30,30,30,2023-04-25
6,2023-03-13,Male,46,Clothing,2,25,50,50,2023-03-13
7,2023-02-22,Male,30,Electronics,4,25,100,100,2023-02-22
8,2023-12-13,Male,63,Electronics,2,300,600,600,2023-12-13
9,2023-10-07,Female,52,Clothing,4,50,200,200,2023-10-07
10,2023-02-14,Male,23,Clothing,2,50,100,100,2023-02-14
11,2023-10-30,Male,35,Beauty,3,25,75,75,2023-10-30
12,2023-08-05,Male,22,Electronics,3,500,1500,1500,2023-08-05
13,2023-01-17,Male,64,Clothing,4,30,120,120,2023-01-17
14,2023-01-16,Female,42,Electronics,4,500,2000,2000,2023-01-16
15,2023-02-17,Male,19,Clothing,3,500,1500,1500,2023-02-17
16,2023-04-22,Female,27,Clothing,4,25,100,100,2023-04-22
17,2023-04-30,Female,47,Electronics,2,25,50,50,2023-04-30
18,2023-09-16,Female,62,Clothing,2,25,50,50,2023-09-16
19,2023-11-05,Male,22,Clothing,3,300,900,900,2023-11-05
20,2023-01-14,Female,50,Beauty,1,500,500,500,2023-01-14
21,2023-10-15,Male,18,Clothing,2,50,100,100,2023-10-15
22,2023-04-12,Female,35,Clothing,4,30,120,120,2023-04-12
23,2023-11-29,Female,49,Clothing,1,300,300,300,2023-11-29
24,2023-12-26,Female,64,Beauty,1,50,50,50,2023-12-26
25,2023-10-07,Female,28,Electronics,2,500,1000,1000,2023-10-07
26,2023-08-03,Female,38,Beauty,2,25,50,50,2023-08-03
27,2023-04-23,Female,43,Beauty,1,500,500,500,2023-04-23
28,2023-08-18,Female,42,Electronics,1,30,30,30,2023-08-18
29,2023-10-29,Female,39,Beauty,3,300,900,900,2023-10-29
30,2023-05-23,Male,44,Electronics,4,300,1200,1200,2023-05-23
31,2023-01-04,Male,30,Beauty,3,30,90,90,2023-01-04
32,2023-03-23,Female,50,Electronics,2,50,100,100,2023-03-23
33,2023-12-24,Female,51,Clothing,3,50,150,150,2023-12-24
34,2023-08-05,Female,58,Beauty,3,300,900,900,2023-08-05
35,2023-06-24,Male,52,Beauty,3,300,900,900,2023-06-24
36,2023-05-23,Female,18,Beauty,3,25,75,75,2023-05-23
37,2023-03-21,Male,38,Beauty,4,50,200,200,2023-03-21
38,2023-04-21,Male,23,Clothing,4,30,120,120,2023-04-21
39,2023-06-22,Male,45,Beauty,1,50,50,50,2023-06-22
40,2023-02-22,Male,34,Clothing,2,25,50,50,2023-02-22
41,2023-02-17,Male,22,Clothing,3,300,900,900,2023-02-17
42,2023-07-14,Female,48,Clothing,1,300,300,300,2023-07-14
43,2023-02-19,Female,22,Clothing,1,25,25,25,2023-02-19
44,2023-07-03,Female,55,Electronics,1,30,30,30,2023-07-03
45,2023-06-26,Female,20,Electronics,4,300,1200,1200,2023-06-26
46,2023-11-06,Female,40,Beauty,3,500,1500,1500,2023-11-06
47,2023-05-16,Male,54,Electronics,3,300,900,900,2023-05-16
48,2023-01-23,Female,54,Electronics,2,500,1000,1000,2023-01-23
49,2023-08-24,Female,27,Beauty,3,25,75,75,2023-08-24
50,2023-10-02,Male,27,Beauty,3,25,75,75,2023-10-02
51,2023-03-05,Female,36,Beauty,1,300,300,300,2023-03-05
52,2023-07-13,Male,34,Electronics,2,50,100,100,2023-07-13
53,2023-02-10,Female,38,Electronics,3,500,1500,1500,2023-02-10
54,2023-10-10,Male,31,Beauty,4,30,120,120,2023-10-10
55,2023-05-31,Female,26,Clothing,3,300,900,900,2023-05-31
56,2023-11-18,Female,63,Beauty,1,30,30,30,2023-11-18
57,2023-11-13,Male,18,Clothing,4,300,1200,1200,2023-11-13
58,2023-07-05,Male,62,Clothing,1,50,50,50,2023-07-05
59,2023-10-23,Male,30,Beauty,3,50,150,150,2023-10-23
60,2023-04-09,Male,21,Beauty,4,50,200,200,2023-04-09
61,2023-12-27,Male,18,Beauty,2,50,100,100,2023-12-27
62,2023-02-05,Male,57,Electronics,2,25,50,50,2023-02-05
63,2023-01-24,Male,49,Clothing,4,25,100,100,2023-01-24
64,2023-12-05,Male,51,Electronics,4,500,2000,2000,2023-12-05
65,2023-04-27,Female,45,Electronics,1,30,30,30,2023-04-27
66,2023-05-29,Female,48,Beauty,4,300,1200,1200,2023-05-29
67,2023-02-10,Male,25,Electronics,1,300,300,300,2023-02-10
68,2023-04-30,Female,56,Beauty,3,25,75,75,2023-04-30
69,2023-02-21,Female,43,Clothing,1,300,300,300,2023-02-21
70,2023-07-14,Female,51,Beauty,4,25,100,100,2023-07-14
71,2023-05-23,Female,20,Electronics,4,500,2000,2000,2023-05-23
72,2023-08-21,Male,29,Electronics,3,30,90,90,2023-08-21
73,2023-11-22,Female,18,Beauty,4,500,2000,2000,2023-11-22
74,2023-07-06,Male,61,Beauty,4,50,200,200,2023-07-06
75,2023-03-25,Female,22,Electronics,2,50,100,100,2023-03-25
76,2023-07-09,Female,47,Clothing,2,50,100,100,2023-07-09
77,2023-07-01,Female,47,Clothing,3,500,1500,1500,2023-07-01
78,2023-04-18,Male,34,Beauty,1,300,300,300,2023-04-18
79,2023-12-10,Female,64,Clothing,2,30,60,60,2023-12-10
80,2023-05-17,Male,40,Electronics,1,50,50,50,2023-05-17
81,2023-12-26,Female,32,Beauty,4,50,200,200,2023-12-26
82,2023-12-16,Male,54,Electronics,2,50,100,100,2023-12-16
83,2023-11-28,Female,38,Electronics,3,30,90,90,2023-11-28
84,2023-02-06,Male,31,Clothing,3,50,150,150,2023-02-06
85,2023-11-08,Male,19,Beauty,3,30,90,90,2023-11-08
86,2023-11-22,Female,28,Beauty,2,50,100,100,2023-11-22
87,2023-03-29,Male,56,Clothing,1,500,500,500,2023-03-29
88,2023-10-01,Female,55,Electronics,4,500,2000,2000,2023-10-01
89,2023-05-06,Female,51,Electronics,1,30,30,30,2023-05-06
90,2023-03-25,Female,55,Electronics,1,500,500,500,2023-03-25
91,2023-08-25,Female,51,Electronics,4,30,120,120,2023-08-25
92,2023-07-14,Female,35,Beauty,4,500,2000,2000,2023-07-14
93,2023-05-19,Female,47,Beauty,2,500,1000,1000,2023-05-19
94,2023-11-24,Female,32,Clothing,2,30,60,60,2023-11-24
95,2023-12-19,Female,44,Clothing,2,300,600,600,2023-12-19
96,2023-10-13,Female,51,Beauty,2,500,1000,1000,2023-10-13
97,2023-04-23,Female,55,Beauty,2,50,100,100,2023-04-23
98,2023-12-17,Female,50,Electronics,4,300,1200,1200,2023-12-17
99,2023-06-16,Male,41,Electronics,1,30,30,30,2023-06-16
100,2023-01-29,Male,32,Clothing,2,300,600,600,2023-01-29
101,2023-04-28,Female,47,Beauty,2,25,50,50,2023-04-28
102,2023-01-17,Female,59,Clothing,1,25,25,25,2023-01-17
103,2023-06-11,Female,34,Beauty,2,500,1000,1000,2023-06-11
104,2023-07-25,Female,22,Electronics,1,500,500,500,2023-07-25
105,2023-05-18,Female,46,Clothing,1,50,50,50,2023-05-18
106,2023-02-03,Female,21,Clothing,4,300,1200,1200,2023-02-03
107,2023-04-19,Female,27,Beauty,3,25,75,75,2023-04-19
108,2023-10-18,Female,34,Electronics,4,500,2000,2000,2023-10-18
109,2023-06-11,Male,27,Clothing,3,300,900,900,2023-06-11
110,2023-04-19,Female,34,Electronics,3,500,1500,1500,2023-04-19
111,2023-12-02,Male,37,Clothing,3,500,1500,1500,2023-12-02
112,2023-09-13,Female,41,Electronics,2,25,50,50,2023-09-13
113,2023-07-22,Female,22,Beauty,4,25,100,100,2023-07-22
114,2023-11-26,Male,51,Clothing,3,500,1500,1500,2023-11-26
115,2023-08-23,Female,23,Clothing,1,30,30,30,2023-08-23
116,2023-03-15,Male,19,Electronics,2,500,1000,1000,2023-03-15
117,2023-05-16,Female,30,Electronics,4,500,2000,2000,2023-05-16
118,2023-03-13,Female,60,Clothing,3,50,150,150,2023-03-13
119,2023-05-07,Male,60,Beauty,1,50,50,50,2023-05-07
120,2023-10-15,Female,28,Electronics,4,50,200,200,2023-10-15
121,2023-10-03,Male,64,Electronics,4,30,120,120,2023-10-03
122,2023-05-15,Female,40,Electronics,2,30,60,60,2023-05-15
123,2023-10-27,Male,33,Clothing,4,500,2000,2000,2023-10-27
124,2023-08-08,Male,48,Clothing,2,50,100,100,2023-08-08
125,2023-10-26,Female,28,Clothing,3,30,90,90,2023-10-26
126,2023-07-24,Female,33,Clothing,2,25,50,50,2023-07-24
127,2023-07-05,Male,25,Beauty,1,500,500,500,2023-07-05
128,2023-04-23,Female,21,Beauty,2,300,600,600,2023-04-23
129,2023-03-12,Female,57,Clothing,1,500,500,500,2023-03-12
130,2023-09-18,Female,21,Beauty,2,300,600,600,2023-09-18
131,2023-09-10,Male,42,Electronics,4,50,200,200,2023-09-10
132,2023-02-16,Male,20,Electronics,3,300,900,900,2023-02-16
133,2023-01-25,Male,49,Electronics,1,50,50,50,2023-01-25
134,2023-02-26,Male,20,Clothing,2,25,50,50,2023-02-26
135,2023-03-20,Male,44,Electronics,2,300,600,600,2023-03-20
136,2023-11-18,Male,46,Beauty,2,500,1000,1000,2023-11-18
137,2023-03-23,Male,49,Clothing,4,50,200,200,2023-03-23
138,2023-12-15,Male,36,Beauty,4,500,2000,2000,2023-12-15
139,2023-08-05,Male,38,Electronics,1,30,30,30,2023-08-05
140,2023-11-02,Female,22,Electronics,1,50,50,50,2023-11-02
141,2023-02-02,Male,35,Electronics,4,300,1200,1200,2023-02-02
142,2023-07-17,Female,45,Clothing,1,50,50,50,2023-07-17
143,2023-07-15,Female,59,Beauty,3,500,1500,1500,2023-07-15
144,2023-11-02,Female,39,Clothing,3,25,75,75,2023-11-02
145,2023-08-28,Male,38,Clothing,4,50,200,200,2023-08-28
146,2023-09-28,Male,23,Electronics,1,300,300,300,2023-09-28
147,2023-05-09,Male,18,Clothing,2,30,60,60,2023-05-09
148,2023-10-11,Male,22,Clothing,3,25,75,75,2023-10-11
149,2023-01-06,Female,58,Electronics,4,30,120,120,2023-01-06
150,2023-12-15,Male,29,Clothing,1,50,50,50,2023-12-15
151,2023-02-28,Male,43,Electronics,4,500,2000,2000,2023-02-28
152,2023-12-16,Male,63,Electronics,2,500,1000,1000,2023-12-16
153,2023-10-02,Male,51,Electronics,3,300,900,900,2023-10-02
154,2023-05-17,Male,31,Electronics,4,500,2000,2000,2023-05-17
155,2023-11-25,Female,43,Clothing,4,25,100,100,2023-11-25
156,2023-06-24,Male,62,Electronics,4,500,2000,2000,2023-06-24
157,2023-02-27,Female,44,Electronics,2,300,600,600,2023-02-27
158,2023-05-31,Male,26,Clothing,4,50,200,200,2023-05-31
159,2023-08-11,Female,43,Clothing,2,50,100,100,2023-08-11
160,2023-03-22,Male,64,Beauty,2,500,1000,1000,2023-03-22
161,2023-08-21,Male,39,Clothing,2,30,60,60,2023-08-21
162,2023-01-02,Female,64,Clothing,3,50,150,150,2023-01-02
163,2023-05-15,Female,47,Beauty,3,500,1500,1500,2023-05-15
164,2023-09-14,Female,60,Clothing,4,300,1200,1200,2023-09-14
165,2023-04-02,Male,34,Clothing,4,500,2000,2000,2023-04-02
166,2023-09-17,Female,43,Clothing,3,50,150,150,2023-09-17
167,2023-02-24,Male,53,Clothing,1,300,300,300,2023-02-24
168,2023-11-17,Male,18,Beauty,3,500,1500,1500,2023-11-17
169,2023-06-02,Female,25,Clothing,2,25,50,50,2023-06-02
170,2023-11-24,Female,52,Clothing,3,300,900,900,2023-11-24
171,2023-09-17,Male,32,Beauty,2,25,50,50,2023-09-17
172,2023-11-08,Male,64,Electronics,4,30,120,120,2023-11-08
173,2023-04-12,Female,39,Beauty,1,300,300,300,2023-04-12
174,2023-03-20,Female,31,Electronics,4,25,100,100,2023-03-20
175,2023-07-11,Female,43,Beauty,2,50,100,100,2023-07-11
176,2023-03-24,Male,45,Beauty,2,50,100,100,2023-03-24
177,2023-10-04,Male,40,Clothing,2,30,60,60,2023-10-04
178,2023-09-29,Male,31,Electronics,1,300,300,300,2023-09-29
179,2023-01-01,Male,41,Clothing,3,300,900,900,2023-01-01
180,2023-11-03,Male,19,Electronics,4,300,1200,1200,2023-11-03
181,2023-06-15,Male,62,Beauty,4,30,120,120,2023-06-15
182,2023-09-08,Female,43,Beauty,3,300,900,900,2023-09-08
183,2023-01-10,Male,31,Electronics,4,50,200,200,2023-01-10
184,2023-02-27,Male,24,Clothing,1,25,25,25,2023-02-27
185,2023-07-05,Male,20,Clothing,4,50,200,200,2023-07-05
186,2023-06-07,Female,64,Clothing,2,50,100,100,2023-06-07
187,2023-05-03,Male,40,Clothing,3,25,75,75,2023-05-03
188,2023-01-30,Male,63,Beauty,1,50,50,50,2023-01-30
189,2023-05-04,Female,60,Beauty,3,30,90,90,2023-05-04
190,2023-10-18,Male,64,Beauty,1,25,25,25,2023-10-18
191,2023-02-10,Male,62,Beauty,2,50,100,100,2023-02-10
192,2023-02-13,Male,35,Beauty,3,500,1500,1500,2023-02-13
193,2023-09-06,Male,55,Clothing,4,50,200,200,2023-09-06
194,2023-02-05,Male,52,Clothing,1,30,30,30,2023-02-05
195,2023-09-30,Female,32,Clothing,3,300,900,900,2023-09-30
196,2023-03-06,Female,42,Clothing,4,50,200,200,2023-03-06
197,2023-03-07,Female,54,Beauty,3,300,900,900,2023-03-07
198,2023-12-04,Male,45,Beauty,3,500,1500,1500,2023-12-04
199,2023-09-01,Male,27,Beauty,3,50,150,150,2023-09-01
200,2023-10-09,Male,56,Electronics,1,25,25,25,2023-10-09
201,2023-03-26,Female,34,Clothing,4,300,1200,1200,2023-03-26
202,2023-05-16,Male,56,Clothing,2,500,1000,1000,2023-05-16
203,2023-09-28,Male,39,Beauty,1,25,25,25,2023-09-28
204,2023-11-07,Female,43,Clothing,1,25,25,25,2023-11-07
205,2023-08-05,Male,61,Clothing,1,25,25,25,2023-08-05
206,2023-04-19,Female,42,Beauty,2,25,50,50,2023-04-19
207,2023-10-04,Female,34,Electronics,4,50,200,200,2023-10-04
208,2023-12-20,Female,30,Electronics,4,50,200,200,2023-12-20
209,2023-04-13,Male,37,Electronics,4,50,200,200,2023-04-13
210,2024-01-01,Male,42,Beauty,3,500,1500,1500,2024-01-01
211,2023-06-09,Male,21,Clothing,3,500,1500,1500,2023-06-09
212,2023-07-24,Male,27,Beauty,3,500,1500,1500,2023-07-24
213,2023-12-10,Male,20,Beauty,2,30,60,60,2023-12-10
214,2023-11-29,Male,58,Clothing,3,500,1500,1500,2023-11-29
215,2023-07-11,Male,62,Electronics,2,50,100,100,2023-07-11
216,2023-08-13,Female,35,Electronics,4,50,200,200,2023-08-13
217,2023-09-22,Male,64,Beauty,3,30,90,90,2023-09-22
218,2023-08-20,Female,53,Electronics,3,30,90,90,2023-08-20
219,2023-03-03,Male,64,Beauty,1,500,500,500,2023-03-03
220,2023-05-07,Male,39,Beauty,2,300,600,600,2023-05-07
221,2023-04-26,Male,51,Clothing,4,30,120,120,2023-04-26
222,2023-02-02,Female,64,Clothing,1,25,25,25,2023-02-02
223,2023-06-23,Female,25,Clothing,1,50,50,50,2023-06-23
224,2023-01-11,Female,57,Beauty,4,25,100,100,2023-01-11
225,2023-10-29,Female,61,Clothing,1,50,50,50,2023-10-29
226,2023-10-11,Male,36,Electronics,2,50,100,100,2023-10-11
227,2023-04-28,Female,59,Electronics,2,30,60,60,2023-04-28
228,2023-10-29,Male,58,Beauty,3,30,90,90,2023-10-29
229,2023-04-23,Male,54,Beauty,1,25,25,25,2023-04-23
230,2023-01-04,Female,23,Clothing,3,50,150,150,2023-01-04
231,2023-02-06,Female,43,Beauty,1,25,25,25,2023-02-06
232,2023-12-29,Female,51,Beauty,2,300,600,600,2023-12-29
233,2023-11-20,Female,62,Electronics,2,25,50,50,2023-11-20
234,2023-01-31,Female,23,Electronics,2,500,1000,1000,2023-01-31
235,2023-04-28,Female,54,Clothing,1,25,25,25,2023-04-28
236,2023-02-04,Female,50,Beauty,2,500,1000,1000,2023-02-04
237,2023-01-17,Female,39,Beauty,1,500,500,500,2023-01-17
238,2023-06-19,Male,38,Electronics,3,500,1500,1500,2023-06-19
239,2023-02-06,Female,23,Beauty,1,300,300,300,2023-02-06
240,2023-09-21,Female,23,Electronics,3,25,75,75,2023-09-21
241,2023-05-02,Male,21,Clothing,1,25,25,25,2023-05-02
242,2023-05-23,Female,47,Electronics,3,300,900,900,2023-05-23
243,2023-12-09,Male,28,Beauty,2,50,100,100,2023-12-09
244,2023-09-06,Male,47,Clothing,3,30,90,90,2023-09-06
245,2023-04-20,Female,48,Electronics,2,25,50,50,2023-04-20
246,2023-10-04,Male,41,Electronics,2,30,60,60,2023-10-04
247,2023-03-09,Male,26,Clothing,3,300,900,900,2023-03-09
248,2023-10-20,Male,20,Clothing,1,50,50,50,2023-10-20
249,2023-10-23,Male,48,Electronics,1,50,50,50,2023-10-23
250,2023-08-31,Female,57,Beauty,4,50,200,200,2023-08-31
251,2023-05-05,Male,54,Electronics,1,300,300,300,2023-05-05
252,2023-08-31,Female,53,Clothing,4,500,2000,2000,2023-08-31
253,2023-07-28,Male,41,Electronics,1,500,500,500,2023-07-28
254,2023-04-08,Male,48,Clothing,1,30,30,30,2023-04-08
255,2023-02-18,Male,23,Clothing,2,500,1000,1000,2023-02-18
256,2023-02-19,Male,19,Beauty,4,500,2000,2000,2023-02-19
257,2023-12-04,Female,37,Clothing,1,50,50,50,2023-12-04
258,2023-08-09,Female,45,Clothing,4,50,200,200,2023-08-09
259,2023-07-01,Male,28,Beauty,2,30,60,60,2023-07-01
260,2023-08-05,Male,21,Clothing,2,25,50,50,2023-08-05
261,2023-07-30,Female,32,Beauty,4,30,120,120,2023-07-30
262,2023-08-28,Male,23,Beauty,2,30,60,60,2023-08-28
263,2023-01-28,Male,47,Clothing,3,300,900,900,2023-01-28
264,2023-12-11,Male,55,Clothing,3,300,900,900,2023-12-11
265,2023-12-01,Female,19,Electronics,2,30,60,60,2023-12-01
266,2023-11-27,Female,32,Beauty,3,30,90,90,2023-11-27
267,2023-02-20,Female,28,Electronics,1,30,30,30,2023-02-20
268,2023-02-01,Male,25,Clothing,4,500,2000,2000,2023-02-01
269,2023-07-26,Male,43,Electronics,1,300,300,300,2023-07-26
270,2023-06-23,Female,62,Beauty,4,30,120,120,2023-06-23
271,2023-02-25,Female,61,Electronics,2,50,100,100,2023-02-25
272,2023-05-08,Female,22,Beauty,1,50,50,50,2023-05-08
273,2023-04-09,Female,23,Clothing,2,500,1000,1000,2023-04-09
274,2023-04-08,Male,43,Clothing,2,500,1000,1000,2023-04-08
275,2023-10-02,Female,21,Beauty,4,25,100,100,2023-10-02
276,2023-08-18,Male,36,Clothing,4,25,100,100,2023-08-18
277,2023-03-13,Female,37,Clothing,4,25,100,100,2023-03-13
278,2023-08-05,Male,50,Clothing,1,500,500,500,2023-08-05
279,2023-04-04,Female,37,Clothing,3,500,1500,1500,2023-04-04
280,2023-05-23,Female,29,Beauty,4,500,2000,2000,2023-05-23
281,2023-08-25,Female,64,Electronics,4,50,200,200,2023-08-25
282,2023-05-08,Female,18,Electronics,1,500,500,500,2023-05-08
283,2023-02-08,Male,43,Clothing,4,50,200,200,2023-02-08
284,2023-08-15,Female,31,Electronics,1,25,25,25,2023-08-15
285,2023-10-09,Male,55,Electronics,2,25,50,50,2023-10-09
286,2023-02-20,Male,54,Clothing,4,25,100,100,2023-02-20
287,2023-01-26,Male,28,Clothing,4,30,120,120,2023-01-26
288,2023-11-30,Male,53,Electronics,2,30,60,60,2023-11-30
289,2023-10-04,Female,30,Beauty,2,300,600,600,2023-10-04
290,2023-01-08,Male,60,Clothing,2,300,600,600,2023-01-08
291,2023-02-17,Male,20,Beauty,4,300,1200,1200,2023-02-17
292,2023-05-02,Male,50,Electronics,3,30,90,90,2023-05-02
293,2023-03-27,Female,23,Clothing,3,30,90,90,2023-03-27
294,2023-07-28,Female,27,Beauty,3,300,900,900,2023-07-28
295,2023-09-06,Female,22,Clothing,4,300,1200,1200,2023-09-06
296,2023-09-04,Female,40,Electronics,2,500,1000,1000,2023-09-04
297,2023-04-20,Male,27,Beauty,4,300,1200,1200,2023-04-20
298,2023-07-25,Male,61,Electronics,2,500,1000,1000,2023-07-25
299,2023-01-31,Female,19,Electronics,4,50,200,200,2023-01-31
300,2023-03-26,Male,30,Clothing,4,30,120,120,2023-03-26
301,2023-07-14,Male,57,Beauty,2,300,600,600,2023-07-14
302,2023-01-02,Male,19,Electronics,3,30,90,90,2023-01-02
303,2023-07-19,Female,37,Electronics,2,30,60,60,2023-07-19
304,2023-05-16,Female,18,Beauty,1,30,30,30,2023-05-16
305,2023-08-21,Male,54,Electronics,1,50,50,50,2023-08-21
306,2023-05-27,Female,26,Electronics,2,25,50,50,2023-05-27
307,2023-08-05,Female,34,Beauty,4,300,1200,1200,2023-08-05
308,2023-12-23,Female,26,Beauty,1,25,25,25,2023-12-23
309,2023-10-12,Female,28,Beauty,1,25,25,25,2023-10-12
310,2023-12-05,Female,32,Beauty,4,25,100,100,2023-12-05
311,2023-09-07,Male,41,Clothing,4,30,120,120,2023-09-07
312,2023-03-21,Female,55,Beauty,3,500,1500,1500,2023-03-21
313,2023-04-08,Male,52,Clothing,4,30,120,120,2023-04-08
314,2023-06-01,Male,47,Clothing,2,30,60,60,2023-06-01
315,2023-04-22,Female,48,Clothing,2,25,50,50,2023-04-22
316,2023-01-30,Male,22,Electronics,3,30,90,90,2023-01-30
317,2023-10-24,Male,61,Clothing,1,25,25,25,2023-10-24
318,2023-10-05,Male,31,Clothing,1,500,500,500,2023-10-05
319,2023-02-01,Female,28,Electronics,4,300,1200,1200,2023-02-01
320,2023-06-10,Female,26,Electronics,2,25,50,50,2023-06-10
321,2023-01-30,Male,51,Electronics,1,500,500,500,2023-01-30
322,2023-01-26,Female,29,Beauty,3,300,900,900,2023-01-26
323,2023-10-27,Female,52,Electronics,3,50,150,150,2023-10-27
324,2023-09-02,Female,52,Electronics,2,25,50,50,2023-09-02
325,2023-09-15,Female,18,Clothing,3,25,75,75,2023-09-15
326,2023-09-29,Male,57,Electronics,3,50,150,150,2023-09-29
327,2023-03-22,Male,39,Beauty,2,50,100,100,2023-03-22
328,2023-01-30,Female,46,Electronics,4,25,100,100,2023-01-30
329,2023-09-18,Female,25,Beauty,4,50,200,200,2023-09-18
330,2023-02-11,Male,28,Electronics,3,30,90,90,2023-02-11
331,2023-04-06,Male,58,Electronics,4,300,1200,1200,2023-04-06
332,2023-02-05,Female,54,Electronics,4,300,1200,1200,2023-02-05
333,2023-11-01,Male,31,Electronics,3,300,900,900,2023-11-01
334,2023-02-04,Female,47,Beauty,4,30,120,120,2023-02-04
335,2023-12-12,Female,52,Beauty,3,50,150,150,2023-12-12
336,2023-05-01,Male,38,Clothing,1,500,500,500,2023-05-01
337,2023-07-26,Male,54,Beauty,2,50,100,100,2023-07-26
338,2023-03-03,Female,22,Electronics,2,25,50,50,2023-03-03
339,2023-10-19,Female,36,Clothing,4,300,1200,1200,2023-10-19
340,2023-05-07,Male,31,Clothing,4,50,200,200,2023-05-07
341,2023-10-24,Female,43,Clothing,4,500,2000,2000,2023-10-24
342,2023-11-01,Male,21,Electronics,2,25,50,50,2023-11-01
343,2023-01-21,Female,42,Beauty,1,30,30,30,2023-01-21
344,2023-11-14,Male,62,Electronics,1,30,30,30,2023-11-14
345,2023-02-11,Male,59,Clothing,2,500,1000,1000,2023-02-11
346,2023-08-03,Male,42,Electronics,1,25,25,25,2023-08-03
347,2023-12-03,Female,35,Electronics,2,300,600,600,2023-12-03
348,2023-10-26,Female,57,Beauty,1,50,50,50,2023-10-26
349,2023-10-17,Male,25,Beauty,3,25,75,75,2023-10-17
350,2023-09-25,Female,56,Clothing,3,30,90,90,2023-09-25
351,2023-06-11,Male,57,Electronics,2,500,1000,1000,2023-06-11
352,2023-05-14,Male,31,Electronics,1,500,500,500,2023-05-14
353,2023-04-15,Female,49,Beauty,4,50,200,200,2023-04-15
354,2023-12-09,Female,55,Electronics,1,500,500,500,2023-12-09
355,2023-06-10,Male,50,Electronics,3,500,1500,1500,2023-06-10
356,2023-05-03,Female,40,Electronics,3,25,75,75,2023-05-03
357,2023-05-16,Female,32,Beauty,1,300,300,300,2023-05-16
358,2023-07-22,Male,50,Clothing,1,50,50,50,2023-07-22
359,2023-03-09,Male,42,Clothing,4,25,100,100,2023-03-09
360,2023-12-10,Female,34,Electronics,4,300,1200,1200,2023-12-10
361,2023-11-27,Male,50,Clothing,1,25,25,25,2023-11-27
362,2023-06-03,Male,64,Beauty,1,25,25,25,2023-06-03
363,2023-08-23,Female,19,Beauty,1,500,500,500,2023-08-23
364,2023-06-11,Male,31,Clothing,1,300,300,300,2023-06-11
365,2023-02-07,Male,57,Clothing,2,50,100,100,2023-02-07
366,2023-01-05,Female,57,Electronics,1,50,50,50,2023-01-05
367,2023-08-23,Female,56,Clothing,4,300,1200,1200,2023-08-23
368,2023-11-15,Male,23,Electronics,3,500,1500,1500,2023-11-15
369,2023-10-16,Male,23,Electronics,2,30,60,60,2023-10-16
370,2023-02-21,Female,20,Beauty,1,25,25,25,2023-02-21
371,2023-02-07,Female,24,Beauty,3,500,1500,1500,2023-02-07
372,2023-10-03,Female,25,Beauty,2,300,600,600,2023-10-03
373,2023-04-20,Female,59,Beauty,3,25,75,75,2023-04-20
374,2023-09-17,Male,32,Clothing,1,50,50,50,2023-09-17
375,2023-05-16,Female,64,Beauty,1,30,30,30,2023-05-16
376,2023-03-09,Female,46,Clothing,4,50,200,200,2023-03-09
377,2023-06-28,Male,50,Beauty,1,300,300,300,2023-06-28
378,2023-02-05,Female,47,Clothing,1,25,25,25,2023-02-05
379,2023-05-06,Male,56,Electronics,2,300,600,600,2023-05-06
380,2023-07-09,Female,44,Clothing,4,25,100,100,2023-07-09
381,2023-05-26,Female,53,Clothing,2,500,1000,1000,2023-05-26
382,2023-03-22,Female,46,Beauty,3,30,90,90,2023-03-22
383,2023-08-13,Male,55,Clothing,1,500,500,500,2023-08-13
384,2023-10-06,Male,50,Electronics,3,500,1500,1500,2023-10-06
385,2023-12-27,Female,54,Electronics,2,300,600,600,2023-12-27
386,2023-06-04,Male,44,Beauty,1,30,30,30,2023-06-04
387,2023-11-10,Male,50,Electronics,1,25,25,25,2023-11-10
388,2023-12-01,Male,21,Clothing,2,25,50,50,2023-12-01
389,2023-09-28,Male,39,Electronics,2,50,100,100,2023-09-28
390,2023-01-05,Male,19,Beauty,2,25,50,50,2023-01-05
391,2023-12-08,Male,27,Clothing,2,300,600,600,2023-12-08
392,2023-10-11,Female,22,Beauty,2,500,1000,1000,2023-10-11
393,2023-06-03,Female,27,Clothing,1,500,500,500,2023-06-03
394,2023-12-06,Male,50,Electronics,2,500,1000,1000,2023-12-06
395,2023-02-23,Female,55,Beauty,1,30,30,30,2023-02-23
396,2023-03-10,Female,30,Beauty,1,25,25,25,2023-03-10
397,2023-05-16,Female,48,Clothing,2,300,600,600,2023-05-16
398,2023-03-01,Female,64,Beauty,2,30,60,60,2023-03-01
399,2023-02-24,Male,53,Clothing,4,50,200,200,2023-02-24
400,2023-10-11,Female,62,Clothing,1,300,300,300,2023-10-11
401,2023-03-21,Female,41,Clothing,2,300,600,600,2023-03-21
402,2023-05-20,Male,32,Clothing,2,300,600,600,2023-05-20
403,2023-05-25,Male,46,Electronics,2,500,1000,1000,2023-05-25
404,2023-11-06,Female,25,Clothing,4,300,1200,1200,2023-11-06
405,2023-04-18,Female,22,Beauty,4,25,100,100,2023-04-18
406,2023-06-25,Female,46,Electronics,3,300,900,900,2023-06-25
407,2023-04-15,Female,64,Beauty,1,500,500,500,2023-04-15
408,2023-12-18,Female,21,Electronics,3,300,900,900,2023-12-18
409,2023-11-21,Female,29,Clothing,2,50,100,100,2023-11-21
410,2023-05-16,Male,62,Electronics,4,50,200,200,2023-05-16
411,2023-09-16,Female,19,Electronics,4,500,2000,2000,2023-09-16
412,2023-09-08,Female,44,Beauty,3,25,75,75,2023-09-08
413,2023-05-09,Male,48,Beauty,4,25,100,100,2023-05-09
414,2023-01-27,Male,53,Clothing,2,30,60,60,2023-01-27
415,2023-02-17,Male,53,Electronics,4,500,2000,2000,2023-02-17
416,2023-11-21,Male,43,Electronics,3,300,900,900,2023-11-21
417,2023-08-05,Female,60,Electronics,2,500,1000,1000,2023-08-05
418,2023-05-22,Female,44,Clothing,3,30,90,90,2023-05-22
419,2023-01-23,Female,22,Clothing,4,500,2000,2000,2023-01-23
420,2023-01-02,Female,37,Clothing,3,500,1500,1500,2023-01-02
421,2023-06-20,Female,28,Clothing,3,30,90,90,2023-06-20
422,2023-03-08,Female,27,Clothing,1,25,25,25,2023-03-08
423,2023-11-23,Male,57,Beauty,4,300,1200,1200,2023-11-23
424,2023-05-15,Female,55,Electronics,4,30,120,120,2023-05-15
425,2023-03-24,Male,23,Electronics,3,50,150,150,2023-03-24
426,2023-08-15,Male,25,Electronics,1,25,25,25,2023-08-15
427,2023-10-10,Female,40,Electronics,4,50,200,200,2023-10-10
428,2023-12-28,Male,64,Electronics,2,25,50,50,2023-12-28
429,2023-08-07,Female,43,Electronics,3,300,900,900,2023-08-07
430,2023-10-15,Male,63,Electronics,4,300,1200,1200,2023-10-15
431,2023-01-05,Female,60,Electronics,2,500,1000,1000,2023-01-05
432,2023-02-27,Male,29,Beauty,4,50,200,200,2023-02-27
433,2023-02-08,Female,43,Electronics,2,25,50,50,2023-02-08
434,2023-12-20,Female,30,Beauty,3,300,900,900,2023-12-20
435,2023-03-18,Female,57,Clothing,4,30,120,120,2023-03-18
436,2023-10-07,Female,35,Electronics,4,300,1200,1200,2023-10-07
437,2023-01-19,Female,42,Clothing,1,30,30,30,2023-01-19
438,2023-07-09,Male,50,Clothing,3,25,75,75,2023-07-09
439,2023-10-26,Male,64,Clothing,2,300,600,600,2023-10-26
440,2023-10-10,Male,57,Beauty,4,300,1200,1200,2023-10-10
441,2023-03-17,Female,60,Clothing,4,25,100,100,2023-03-17
442,2023-08-09,Male,29,Clothing,2,300,600,600,2023-08-09
443,2023-03-07,Female,61,Clothing,3,30,90,90,2023-03-07
444,2023-01-22,Female,53,Electronics,1,300,300,300,2023-01-22
445,2023-06-07,Male,21,Electronics,1,50,50,50,2023-06-07
446,2023-07-06,Male,22,Beauty,4,500,2000,2000,2023-07-06
447,2023-01-21,Female,54,Beauty,2,30,60,60,2023-01-21
448,2023-07-03,Male,25,Electronics,4,50,200,200,2023-07-03
449,2023-04-18,Female,59,Beauty,2,25,50,50,2023-04-18
450,2023-12-16,Female,45,Electronics,1,30,30,30,2023-12-16
451,2023-05-08,Female,48,Clothing,3,500,1500,1500,2023-05-08
452,2023-12-08,Female,26,Clothing,2,500,1000,1000,2023-12-08
453,2023-02-22,Female,46,Beauty,1,25,25,25,2023-02-22
454,2023-07-01,Male,31,Electronics,4,25,100,100,2023-07-01
455,2023-10-14,Male,57,Electronics,2,30,60,60,2023-10-14
456,2023-07-28,Female,58,Beauty,3,300,900,900,2023-07-28
457,2023-11-14,Female,39,Electronics,4,25,100,100,2023-11-14
458,2023-03-21,Male,28,Clothing,4,300,1200,1200,2023-03-21
459,2023-05-02,Male,40,Beauty,1,50,50,50,2023-05-02
460,2023-03-25,Female,18,Beauty,2,500,1000,1000,2023-03-25
461,2023-04-01,Male,63,Electronics,4,300,1200,1200,2023-04-01
462,2023-07-31,Female,54,Beauty,3,500,1500,1500,2023-07-31
463,2023-01-13,Male,38,Electronics,2,300,600,600,2023-01-13
464,2023-04-02,Female,43,Electronics,3,50,150,150,2023-04-02
465,2023-06-20,Male,63,Electronics,4,25,100,100,2023-06-20
466,2023-07-30,Female,53,Electronics,3,50,150,150,2023-07-30
467,2023-12-09,Male,40,Electronics,1,25,25,25,2023-12-09
468,2023-05-08,Male,18,Beauty,3,25,75,75,2023-05-08
469,2023-05-17,Female,57,Clothing,2,500,1000,1000,2023-05-17
470,2023-03-23,Male,32,Clothing,3,50,150,150,2023-03-23
471,2023-12-26,Female,38,Beauty,3,300,900,900,2023-12-26
472,2023-02-25,Male,64,Beauty,1,50,50,50,2023-02-25
473,2023-07-15,Female,26,Clothing,3,500,1500,1500,2023-07-15
474,2023-01-20,Male,26,Clothing,3,25,75,75,2023-01-20
475,2023-08-29,Female,27,Clothing,4,500,2000,2000,2023-08-29
476,2023-04-24,Male,43,Clothing,4,30,120,120,2023-04-24
477,2023-04-13,Female,58,Clothing,2,30,60,60,2023-04-13
478,2023-08-24,Male,52,Electronics,4,300,1200,1200,2023-08-24
479,2023-06-29,Female,42,Beauty,4,500,2000,2000,2023-06-29
480,2023-06-06,Female,43,Electronics,4,300,1200,1200,2023-06-06
481,2023-04-27,Female,28,Clothing,4,300,1200,1200,2023-04-27
482,2023-04-25,Male,55,Clothing,1,30,30,30,2023-04-25
483,2023-01-13,Female,19,Clothing,4,300,1200,1200,2023-01-13
484,2023-12-04,Male,24,Electronics,1,30,30,30,2023-12-04
485,2023-04-09,Female,35,Electronics,1,25,25,25,2023-04-09
486,2023-07-24,Male,44,Clothing,4,500,2000,2000,2023-07-24
487,2023-06-18,Female,51,Electronics,3,300,900,900,2023-06-18
488,2023-05-23,Male,44,Electronics,1,30,30,30,2023-05-23
489,2023-02-05,Male,34,Clothing,3,50,150,150,2023-02-05
490,2023-05-23,Female,60,Electronics,3,300,900,900,2023-05-23
491,2023-06-29,Male,61,Beauty,4,25,100,100,2023-06-29
492,2023-11-25,Male,41,Beauty,2,25,50,50,2023-11-25
493,2023-09-18,Female,42,Beauty,4,50,200,200,2023-09-18
494,2023-07-24,Male,24,Beauty,2,30,60,60,2023-07-24
495,2023-12-14,Male,23,Clothing,2,300,600,600,2023-12-14
496,2023-10-02,Male,41,Clothing,4,30,120,120,2023-10-02
497,2023-06-19,Female,50,Clothing,4,25,100,100,2023-06-19
498,2023-01-15,Male,46,Beauty,2,30,60,60,2023-01-15
499,2023-03-01,Female,60,Beauty,4,25,100,100,2023-03-01
500,2023-05-14,Male,39,Electronics,2,30,60,60,2023-05-14
501,2023-04-02,Male,43,Electronics,3,50,150,150,2023-04-02
502,2023-10-25,Male,45,Beauty,4,500,2000,2000,2023-10-25
503,2023-05-16,Female,38,Beauty,3,50,150,150,2023-05-16
504,2023-01-20,Male,24,Beauty,1,50,50,50,2023-01-20
505,2023-02-25,Male,34,Beauty,3,500,1500,1500,2023-02-25
506,2023-11-02,Female,37,Electronics,3,500,1500,1500,2023-11-02
507,2023-08-11,Male,58,Beauty,2,300,600,600,2023-08-11
508,2023-06-26,Female,37,Electronics,3,300,900,900,2023-06-26
509,2023-06-10,Female,39,Beauty,4,50,200,200,2023-06-10
510,2023-08-12,Male,45,Beauty,2,50,100,100,2023-08-12
511,2023-11-07,Female,57,Beauty,1,25,25,25,2023-11-07
512,2023-09-19,Male,24,Electronics,4,25,100,100,2023-09-19
513,2023-03-01,Female,18,Electronics,1,300,300,300,2023-03-01
514,2023-07-17,Female,49,Clothing,3,300,900,900,2023-07-17
515,2023-10-23,Male,30,Beauty,4,25,100,100,2023-10-23
516,2023-04-08,Female,47,Clothing,4,25,100,100,2023-04-08
517,2023-05-11,Female,40,Clothing,1,30,30,30,2023-05-11
518,2023-01-23,Female,36,Electronics,4,30,120,120,2023-01-23
519,2023-12-29,Female,49,Electronics,4,25,100,100,2023-12-29
520,2023-08-12,Female,47,Clothing,4,30,120,120,2023-08-12
521,2023-01-01,Male,46,Beauty,3,500,1500,1500,2023-01-01
522,2023-09-24,Female,62,Electronics,1,300,300,300,2023-09-24
523,2023-10-03,Male,46,Beauty,4,300,1200,1200,2023-10-03
524,2023-12-18,Female,47,Beauty,2,25,50,50,2023-12-18
525,2023-12-10,Male,33,Clothing,2,50,100,100,2023-12-10
526,2023-04-11,Male,57,Clothing,2,25,50,50,2023-04-11
527,2023-07-06,Female,36,Clothing,2,30,60,60,2023-07-06
528,2023-08-09,Female,35,Clothing,3,50,150,150,2023-08-09
529,2023-02-05,Female,18,Electronics,4,30,120,120,2023-02-05
530,2023-12-07,Male,31,Electronics,1,500,500,500,2023-12-07
531,2023-06-19,Female,64,Clothing,4,30,120,120,2023-06-19
532,2023-11-16,Male,19,Electronics,3,500,1500,1500,2023-11-16
533,2023-06-10,Male,45,Clothing,2,500,1000,1000,2023-06-10
534,2023-12-06,Male,47,Beauty,3,30,90,90,2023-12-06
535,2023-03-05,Female,55,Beauty,4,30,120,120,2023-03-05
536,2023-06-03,Female,21,Beauty,1,500,500,500,2023-06-03
537,2023-09-17,Male,18,Clothing,3,50,150,150,2023-09-17
538,2023-06-08,Male,25,Beauty,1,500,500,500,2023-06-08
539,2023-12-08,Female,46,Electronics,3,300,900,900,2023-12-08
540,2023-07-29,Male,56,Beauty,1,500,500,500,2023-07-29
541,2023-06-17,Female,20,Beauty,1,50,50,50,2023-06-17
542,2023-07-26,Male,49,Beauty,2,300,600,600,2023-07-26
543,2023-12-23,Female,27,Electronics,1,25,25,25,2023-12-23
544,2023-06-01,Male,27,Clothing,2,25,50,50,2023-06-01
545,2023-10-11,Female,36,Electronics,4,50,200,200,2023-10-11
546,2023-03-07,Male,63,Clothing,4,500,2000,2000,2023-03-07
547,2023-04-09,Female,51,Clothing,2,30,60,60,2023-04-09
548,2023-08-04,Female,50,Beauty,2,50,100,100,2023-08-04
549,2023-12-07,Male,40,Clothing,3,300,900,900,2023-12-07
550,2023-07-14,Male,45,Electronics,3,300,900,900,2023-07-14
551,2023-12-13,Female,49,Electronics,3,25,75,75,2023-12-13
552,2023-03-31,Male,24,Clothing,4,300,1200,1200,2023-03-31
553,2023-11-12,Female,46,Beauty,3,50,150,150,2023-11-12
554,2023-10-19,Male,25,Beauty,1,300,300,300,2023-10-19
555,2023-06-04,Female,18,Electronics,1,50,50,50,2023-06-04
556,2023-07-27,Female,20,Beauty,3,30,90,90,2023-07-27
557,2023-10-08,Female,41,Clothing,1,25,25,25,2023-10-08
558,2023-01-01,Female,40,Clothing,4,300,1200,1200,2023-01-01
559,2023-06-05,Female,25,Electronics,1,50,50,50,2023-06-05
560,2023-05-27,Female,64,Clothing,4,500,2000,2000,2023-05-27
561,2023-04-18,Male,54,Electronics,2,25,50,50,2023-04-18
562,2023-08-09,Male,20,Clothing,2,30,60,60,2023-08-09
563,2023-10-24,Male,50,Electronics,2,50,100,100,2023-10-24
564,2023-11-07,Female,45,Beauty,2,30,60,60,2023-11-07
565,2023-12-02,Female,64,Clothing,1,30,30,30,2023-12-02
566,2023-06-14,Female,25,Clothing,3,300,900,900,2023-06-14
567,2023-08-27,Female,51,Electronics,1,300,300,300,2023-08-27
568,2023-08-15,Male,52,Electronics,4,50,200,200,2023-08-15
569,2023-08-15,Male,49,Clothing,1,500,500,500,2023-08-15
570,2023-12-12,Female,41,Electronics,1,50,50,50,2023-12-12
571,2023-04-20,Male,31,Clothing,4,500,2000,2000,2023-04-20
572,2023-09-19,Male,49,Beauty,2,30,60,60,2023-09-19
573,2023-08-31,Female,63,Electronics,2,25,50,50,2023-08-31
574,2023-03-28,Male,60,Clothing,2,50,100,100,2023-03-28
575,2023-12-04,Female,33,Beauty,3,50,150,150,2023-12-04
576,2023-02-13,Male,21,Beauty,4,500,2000,2000,2023-02-13
577,2023-05-26,Female,54,Clothing,4,30,120,120,2023-05-26
578,2023-09-21,Female,38,Electronics,1,30,30,30,2023-09-21
579,2023-12-06,Female,31,Clothing,3,500,1500,1500,2023-12-06
580,2023-11-21,Female,48,Beauty,2,30,60,60,2023-11-21
581,2023-11-14,Male,35,Clothing,3,300,900,900,2023-11-14
582,2023-06-21,Female,24,Electronics,4,25,100,100,2023-06-21
583,2023-02-17,Female,27,Beauty,4,50,200,200,2023-02-17
584,2023-05-01,Female,24,Clothing,1,25,25,25,2023-05-01
585,2023-12-11,Male,50,Electronics,1,50,50,50,2023-12-11
586,2023-06-08,Female,40,Beauty,4,300,1200,1200,2023-06-08
587,2023-04-26,Male,38,Electronics,2,30,60,60,2023-04-26
588,2023-04-12,Female,36,Beauty,2,500,1000,1000,2023-04-12
589,2023-03-17,Male,36,Clothing,3,300,900,900,2023-03-17
590,2023-01-13,Male,53,Electronics,4,25,100,100,2023-01-13
591,2023-01-24,Female,46,Beauty,4,500,2000,2000,2023-01-24
592,2023-05-06,Male,35,Electronics,2,30,60,60,2023-05-06
593,2023-09-01,Female,19,Electronics,2,300,600,600,2023-09-01
594,2023-11-09,Female,18,Clothing,4,500,2000,2000,2023-11-09
595,2023-02-07,Female,64,Electronics,1,300,300,300,2023-02-07
596,2023-08-22,Male,22,Beauty,4,300,1200,1200,2023-08-22
597,2023-08-01,Male,37,Beauty,4,30,120,120,2023-08-01
598,2023-11-19,Female,28,Beauty,2,50,100,100,2023-11-19
599,2023-10-22,Female,59,Beauty,2,500,1000,1000,2023-10-22
600,2023-04-10,Male,19,Clothing,1,30,30,30,2023-04-10
601,2023-12-23,Female,20,Electronics,1,300,300,300,2023-12-23
602,2023-07-16,Female,40,Clothing,3,30,90,90,2023-07-16
603,2023-09-11,Female,29,Electronics,4,50,200,200,2023-09-11
604,2023-07-24,Male,37,Electronics,2,500,1000,1000,2023-07-24
605,2023-05-05,Male,22,Electronics,1,50,50,50,2023-05-05
606,2023-03-17,Male,54,Clothing,3,25,75,75,2023-03-17
607,2023-12-02,Female,55,Electronics,3,500,1500,1500,2023-12-02
608,2023-12-19,Female,47,Clothing,2,50,100,100,2023-12-19
609,2023-01-03,Female,26,Beauty,2,300,600,600,2023-01-03
610,2023-02-24,Male,51,Beauty,3,500,1500,1500,2023-02-24
611,2023-08-06,Female,61,Electronics,1,500,500,500,2023-08-06
612,2023-04-23,Female,52,Clothing,3,30,90,90,2023-04-23
613,2023-04-01,Female,39,Beauty,4,300,1200,1200,2023-04-01
614,2023-12-23,Female,61,Clothing,4,25,100,100,2023-12-23
615,2023-09-23,Male,41,Clothing,2,50,100,100,2023-09-23
616,2023-08-26,Male,34,Electronics,1,30,30,30,2023-08-26
617,2023-01-26,Female,27,Beauty,1,50,50,50,2023-01-26
618,2023-10-13,Male,47,Electronics,4,25,100,100,2023-10-13
619,2023-05-08,Male,63,Electronics,3,25,75,75,2023-05-08
620,2023-03-04,Female,40,Beauty,2,500,1000,1000,2023-03-04
621,2023-08-22,Female,49,Beauty,3,25,75,75,2023-08-22
622,2023-03-10,Male,34,Clothing,3,50,150,150,2023-03-10
623,2023-08-26,Female,34,Beauty,3,300,900,900,2023-08-26
624,2023-12-08,Male,31,Clothing,1,300,300,300,2023-12-08
625,2023-09-29,Female,26,Clothing,4,500,2000,2000,2023-09-29
626,2023-10-14,Male,57,Clothing,1,50,50,50,2023-10-14
627,2023-11-01,Female,19,Beauty,4,50,200,200,2023-11-01
628,2023-06-12,Male,62,Electronics,2,25,50,50,2023-06-12
629,2023-08-15,Male,42,Clothing,2,50,100,100,2023-08-15
630,2023-11-10,Male,56,Electronics,3,30,90,90,2023-11-10
631,2023-09-16,Female,26,Electronics,4,25,100,100,2023-09-16
632,2023-08-07,Male,39,Beauty,4,30,120,120,2023-08-07
633,2023-10-08,Male,60,Electronics,4,500,2000,2000,2023-10-08
634,2023-08-17,Female,63,Electronics,3,300,900,900,2023-08-17
635,2023-03-23,Female,21,Beauty,3,500,1500,1500,2023-03-23
636,2023-09-01,Male,43,Clothing,2,300,600,600,2023-09-01
637,2023-08-19,Male,46,Electronics,1,500,500,500,2023-08-19
638,2023-05-13,Female,62,Beauty,4,50,200,200,2023-05-13
639,2023-05-07,Female,51,Electronics,4,30,120,120,2023-05-07
640,2023-11-23,Female,40,Electronics,1,300,300,300,2023-11-23
641,2023-05-22,Female,54,Clothing,4,25,100,100,2023-05-22
642,2023-09-24,Female,28,Electronics,3,30,90,90,2023-09-24
643,2023-09-06,Male,23,Beauty,3,25,75,75,2023-09-06
644,2023-11-17,Female,35,Electronics,4,30,120,120,2023-11-17
645,2023-05-03,Male,38,Clothing,3,30,90,90,2023-05-03
646,2023-05-21,Male,59,Clothing,3,500,1500,1500,2023-05-21
647,2023-08-14,Male,53,Beauty,4,300,1200,1200,2023-08-14
648,2023-02-09,Female,58,Clothing,2,300,600,600,2023-02-09
649,2024-01-01,Male,55,Electronics,1,30,30,30,2024-01-01
650,2023-05-27,Male,51,Clothing,3,50,150,150,2023-05-27
651,2023-05-01,Female,34,Beauty,2,50,100,100,2023-05-01
652,2023-05-20,Male,54,Clothing,3,25,75,75,2023-05-20
653,2023-06-21,Male,42,Clothing,3,25,75,75,2023-06-21
654,2023-06-13,Female,55,Clothing,1,500,500,500,2023-06-13
655,2023-10-04,Male,29,Beauty,3,30,90,90,2023-10-04
656,2023-02-11,Male,40,Clothing,1,25,25,25,2023-02-11
657,2023-03-12,Male,59,Clothing,1,25,25,25,2023-03-12
658,2023-03-19,Female,39,Electronics,1,30,30,30,2023-03-19
659,2023-04-29,Female,38,Beauty,2,500,1000,1000,2023-04-29
660,2023-07-16,Female,44,Clothing,4,25,100,100,2023-07-16
661,2023-12-22,Male,48,Beauty,2,500,1000,1000,2023-12-22
662,2023-03-20,Male,23,Clothing,4,300,1200,1200,2023-03-20
663,2023-12-28,Female,44,Clothing,4,500,2000,2000,2023-12-28
664,2023-04-20,Male,57,Clothing,1,50,50,50,2023-04-20
665,2023-02-02,Male,51,Electronics,3,50,150,150,2023-02-02
666,2023-08-01,Female,29,Electronics,1,500,500,500,2023-08-01
667,2023-07-28,Female,62,Electronics,3,50,150,150,2023-07-28
668,2023-06-19,Male,24,Beauty,4,300,1200,1200,2023-06-19
669,2023-10-05,Male,27,Beauty,1,30,30,30,2023-10-05
670,2023-08-27,Male,62,Electronics,3,50,150,150,2023-08-27
671,2023-08-01,Female,34,Beauty,2,50,100,100,2023-08-01
672,2023-02-01,Female,43,Clothing,3,500,1500,1500,2023-02-01
673,2023-04-16,Female,38,Clothing,1,300,300,300,2023-04-16
674,2023-08-04,Female,45,Clothing,2,30,60,60,2023-08-04
675,2023-07-19,Male,63,Electronics,3,500,1500,1500,2023-07-19
676,2023-10-27,Female,19,Beauty,3,500,1500,1500,2023-10-27
677,2023-12-23,Female,60,Electronics,3,300,900,900,2023-12-23
678,2023-01-11,Female,18,Beauty,3,30,90,90,2023-01-11
679,2023-10-22,Female,53,Clothing,3,300,900,900,2023-10-22
680,2023-07-14,Female,43,Electronics,2,30,60,60,2023-07-14
681,2023-09-02,Male,46,Beauty,4,300,1200,1200,2023-09-02
682,2023-01-04,Male,38,Beauty,2,500,1000,1000,2023-01-04
683,2023-06-30,Female,28,Clothing,2,500,1000,1000,2023-06-30
684,2023-06-02,Male,57,Electronics,2,25,50,50,2023-06-02
685,2023-07-19,Female,28,Electronics,4,50,200,200,2023-07-19
686,2023-08-03,Female,53,Electronics,1,300,300,300,2023-08-03
687,2023-10-03,Male,56,Clothing,4,25,100,100,2023-10-03
688,2023-10-07,Male,57,Electronics,2,50,100,100,2023-10-07
689,2023-11-05,Female,52,Clothing,3,300,900,900,2023-11-05
690,2023-04-23,Female,51,Clothing,3,30,90,90,2023-04-23
691,2023-09-07,Female,64,Clothing,2,50,100,100,2023-09-07
692,2023-04-23,Male,41,Beauty,3,500,1500,1500,2023-04-23
693,2023-05-20,Female,39,Electronics,2,25,50,50,2023-05-20
694,2023-08-12,Female,22,Electronics,3,50,150,150,2023-08-12
695,2023-09-06,Female,50,Clothing,4,50,200,200,2023-09-06
696,2023-01-15,Male,53,Clothing,1,500,500,500,2023-01-15
697,2023-07-19,Female,64,Electronics,1,300,300,300,2023-07-19
698,2023-06-22,Female,37,Clothing,4,30,120,120,2023-06-22
699,2023-12-09,Male,36,Electronics,4,500,2000,2000,2023-12-09
700,2023-12-14,Female,52,Beauty,2,30,60,60,2023-12-14
701,2023-07-27,Female,60,Clothing,2,300,600,600,2023-07-27
702,2023-03-26,Male,34,Electronics,2,50,100,100,2023-03-26
703,2023-08-28,Female,62,Clothing,3,30,90,90,2023-08-28
704,2023-03-07,Male,60,Electronics,2,25,50,50,2023-03-07
705,2023-11-15,Male,51,Electronics,4,25,100,100,2023-11-15
706,2023-10-01,Female,26,Clothing,1,500,500,500,2023-10-01
707,2023-01-14,Female,43,Beauty,3,300,900,900,2023-01-14
708,2023-07-21,Female,19,Electronics,2,500,1000,1000,2023-07-21
709,2023-10-31,Female,26,Electronics,3,500,1500,1500,2023-10-31
710,2023-10-16,Male,26,Electronics,3,500,1500,1500,2023-10-16
711,2023-12-06,Female,57,Beauty,2,25,50,50,2023-12-06
712,2023-01-14,Male,34,Beauty,3,25,75,75,2023-01-14
713,2023-02-12,Female,18,Clothing,1,500,500,500,2023-02-12
714,2023-11-26,Female,42,Beauty,4,25,100,100,2023-11-26
715,2023-08-08,Female,60,Clothing,4,300,1200,1200,2023-08-08
716,2023-03-11,Male,57,Clothing,1,500,500,500,2023-03-11
717,2023-08-25,Female,59,Beauty,3,25,75,75,2023-08-25
718,2023-04-04,Female,42,Clothing,2,30,60,60,2023-04-04
719,2023-01-26,Female,56,Beauty,3,500,1500,1500,2023-01-26
720,2023-05-14,Female,52,Clothing,1,500,500,500,2023-05-14
721,2023-07-14,Male,20,Beauty,3,300,900,900,2023-07-14
722,2023-06-17,Female,54,Beauty,4,50,200,200,2023-06-17
723,2023-04-19,Male,61,Clothing,3,50,150,150,2023-04-19
724,2023-08-21,Male,61,Electronics,1,300,300,300,2023-08-21
725,2023-06-17,Male,47,Clothing,4,300,1200,1200,2023-06-17
726,2023-06-22,Male,55,Beauty,3,300,900,900,2023-06-22
727,2023-07-14,Male,51,Electronics,3,50,150,150,2023-07-14
728,2023-05-23,Male,29,Clothing,4,300,1200,1200,2023-05-23
729,2023-08-04,Female,36,Clothing,2,25,50,50,2023-08-04
730,2023-05-10,Male,54,Clothing,4,500,2000,2000,2023-05-10
731,2023-02-11,Male,61,Electronics,2,500,1000,1000,2023-02-11
732,2023-08-29,Male,34,Beauty,1,30,30,30,2023-08-29
733,2023-01-10,Female,27,Clothing,1,30,30,30,2023-01-10
734,2023-10-04,Female,64,Clothing,4,500,2000,2000,2023-10-04
735,2023-01-27,Male,29,Clothing,4,25,100,100,2023-01-27
736,2023-06-29,Female,33,Clothing,1,50,50,50,2023-06-29
737,2023-04-25,Male,41,Clothing,2,50,100,100,2023-04-25
738,2023-11-29,Male,36,Beauty,1,25,25,25,2023-11-29
739,2023-02-05,Female,25,Beauty,4,50,200,200,2023-02-05
740,2023-11-30,Male,48,Clothing,1,300,300,300,2023-11-30
741,2023-01-21,Female,38,Electronics,4,500,2000,2000,2023-01-21
742,2023-01-16,Female,34,Beauty,4,500,2000,2000,2023-01-16
743,2023-05-07,Male,40,Electronics,1,25,25,25,2023-05-07
744,2023-04-13,Male,54,Beauty,2,50,100,100,2023-04-13
745,2023-01-11,Female,33,Clothing,3,30,90,90,2023-01-11
746,2023-11-15,Male,23,Beauty,1,30,30,30,2023-11-15
747,2023-03-20,Male,25,Clothing,3,50,150,150,2023-03-20
748,2023-05-03,Male,42,Beauty,1,30,30,30,2023-05-03
749,2023-03-06,Female,35,Clothing,3,25,75,75,2023-03-06
750,2023-08-31,Female,42,Clothing,2,25,50,50,2023-08-31
751,2023-12-09,Male,29,Clothing,2,50,100,100,2023-12-09
752,2023-02-28,Female,32,Clothing,1,30,30,30,2023-02-28
753,2023-10-16,Female,43,Electronics,4,25,100,100,2023-10-16
754,2023-04-22,Female,58,Clothing,3,25,75,75,2023-04-22
755,2023-08-27,Female,62,Electronics,4,300,1200,1200,2023-08-27
756,2023-12-25,Female,43,Electronics,4,300,1200,1200,2023-12-25
757,2023-05-12,Male,64,Clothing,4,25,100,100,2023-05-12
758,2023-07-08,Male,49,Electronics,2,50,100,100,2023-07-08
759,2023-03-27,Male,27,Beauty,1,500,500,500,2023-03-27
760,2023-11-07,Female,33,Clothing,1,500,500,500,2023-11-07
761,2023-11-07,Female,24,Electronics,2,25,50,50,2023-11-07
762,2023-02-28,Male,34,Clothing,2,25,50,50,2023-02-28
763,2023-03-25,Female,40,Clothing,1,25,25,25,2023-03-25
764,2023-06-09,Male,43,Clothing,4,50,200,200,2023-06-09
765,2023-02-25,Male,38,Electronics,3,300,900,900,2023-02-25
766,2023-10-24,Male,39,Beauty,3,25,75,75,2023-10-24
767,2023-01-14,Female,24,Beauty,3,25,75,75,2023-01-14
768,2023-06-09,Female,31,Electronics,4,30,120,120,2023-06-09
769,2023-10-22,Male,32,Clothing,1,50,50,50,2023-10-22
770,2023-12-13,Male,24,Electronics,2,25,50,50,2023-12-13
771,2023-07-12,Male,26,Electronics,1,30,30,30,2023-07-12
772,2023-07-23,Male,25,Electronics,4,500,2000,2000,2023-07-23
773,2023-04-12,Female,40,Clothing,2,25,50,50,2023-04-12
774,2023-02-08,Female,46,Electronics,4,25,100,100,2023-02-08
775,2023-10-31,Male,35,Clothing,3,30,90,90,2023-10-31
776,2023-12-20,Male,48,Electronics,3,50,150,150,2023-12-20
777,2023-11-18,Female,47,Beauty,4,25,100,100,2023-11-18
778,2023-05-05,Female,56,Electronics,2,500,1000,1000,2023-05-05
779,2023-02-22,Male,52,Electronics,2,25,50,50,2023-02-22
780,2023-12-23,Male,35,Beauty,1,500,500,500,2023-12-23
781,2023-06-04,Male,59,Clothing,3,300,900,900,2023-06-04
782,2023-12-17,Female,56,Clothing,1,300,300,300,2023-12-17
783,2023-11-04,Female,34,Electronics,1,500,500,500,2023-11-04
784,2023-03-03,Female,31,Beauty,4,50,200,200,2023-03-03
785,2023-10-17,Male,48,Clothing,4,25,100,100,2023-10-17
786,2023-01-22,Male,41,Electronics,1,25,25,25,2023-01-22
787,2023-06-27,Female,52,Beauty,3,300,900,900,2023-06-27
788,2023-09-30,Female,61,Clothing,4,500,2000,2000,2023-09-30
789,2023-08-08,Male,62,Clothing,1,25,25,25,2023-08-08
790,2023-12-05,Female,51,Beauty,1,25,25,25,2023-12-05
791,2023-07-09,Female,20,Beauty,1,50,50,50,2023-07-09
792,2023-02-05,Male,54,Beauty,1,30,30,30,2023-02-05
793,2023-09-17,Female,60,Beauty,1,300,300,300,2023-09-17
794,2023-11-28,Male,57,Electronics,1,300,300,300,2023-11-28
795,2023-06-24,Male,43,Beauty,4,30,120,120,2023-06-24
796,2023-01-07,Male,40,Clothing,3,25,75,75,2023-01-07
797,2023-08-04,Male,61,Clothing,1,50,50,50,2023-08-04
798,2023-09-08,Male,56,Electronics,2,50,100,100,2023-09-08
799,2023-02-24,Male,32,Clothing,4,300,1200,1200,2023-02-24
800,2023-08-10,Male,21,Clothing,4,50,200,200,2023-08-10
801,2023-07-05,Female,46,Beauty,1,30,30,30,2023-07-05
802,2023-11-22,Male,39,Clothing,4,25,100,100,2023-11-22
803,2023-08-24,Male,42,Electronics,1,30,30,30,2023-08-24
804,2023-12-29,Female,30,Beauty,3,500,1500,1500,2023-12-29
805,2023-03-20,Female,35,Beauty,3,300,900,900,2023-03-20
806,2023-08-11,Female,50,Electronics,4,50,200,200,2023-08-11
807,2023-04-01,Male,33,Beauty,4,500,2000,2000,2023-04-01
808,2023-09-25,Female,62,Beauty,2,50,100,100,2023-09-25
809,2023-11-30,Male,59,Electronics,4,25,100,100,2023-11-30
810,2023-05-19,Male,61,Beauty,2,25,50,50,2023-05-19
811,2023-11-12,Male,19,Electronics,3,25,75,75,2023-11-12
812,2023-10-03,Male,52,Electronics,3,50,150,150,2023-10-03
813,2023-09-05,Female,59,Clothing,1,500,500,500,2023-09-05
814,2023-08-27,Female,51,Clothing,3,25,75,75,2023-08-27
815,2023-08-12,Male,47,Beauty,2,500,1000,1000,2023-08-12
816,2023-10-31,Male,30,Beauty,4,50,200,200,2023-10-31
817,2023-05-18,Male,30,Electronics,1,500,500,500,2023-05-18
818,2023-06-15,Female,35,Beauty,2,50,100,100,2023-06-15
819,2023-05-06,Male,49,Electronics,4,50,200,200,2023-05-06
820,2023-02-14,Male,49,Electronics,1,300,300,300,2023-02-14
821,2023-05-23,Female,52,Beauty,3,50,150,150,2023-05-23
822,2023-08-19,Female,56,Electronics,2,50,100,100,2023-08-19
823,2023-05-05,Male,63,Clothing,4,30,120,120,2023-05-05
824,2023-08-26,Female,46,Beauty,1,25,25,25,2023-08-26
825,2023-10-19,Female,46,Clothing,1,300,300,300,2023-10-19
826,2023-11-09,Male,61,Beauty,3,300,900,900,2023-11-09
827,2023-12-09,Female,33,Electronics,4,300,1200,1200,2023-12-09
828,2023-07-14,Male,61,Beauty,3,30,90,90,2023-07-14
829,2023-06-22,Female,64,Clothing,3,50,150,150,2023-06-22
830,2023-01-15,Male,27,Electronics,4,25,100,100,2023-01-15
831,2023-09-11,Male,47,Beauty,4,500,2000,2000,2023-09-11
832,2023-06-16,Male,42,Beauty,4,50,200,200,2023-06-16
833,2023-04-04,Female,56,Beauty,2,30,60,60,2023-04-04
834,2023-09-07,Male,37,Clothing,4,50,200,200,2023-09-07
835,2023-04-19,Female,22,Clothing,1,50,50,50,2023-04-19
836,2023-07-01,Male,18,Beauty,3,30,90,90,2023-07-01
837,2023-05-13,Male,47,Electronics,2,300,600,600,2023-05-13
838,2023-06-24,Female,20,Electronics,4,300,1200,1200,2023-06-24
839,2023-05-24,Male,62,Clothing,2,25,50,50,2023-05-24
840,2023-11-02,Male,31,Electronics,4,25,100,100,2023-11-02
841,2023-12-26,Female,47,Clothing,2,300,600,600,2023-12-26
842,2023-05-22,Male,21,Beauty,3,500,1500,1500,2023-05-22
843,2023-10-12,Male,35,Clothing,3,50,150,150,2023-10-12
844,2023-01-06,Male,54,Clothing,1,500,500,500,2023-01-06
845,2023-09-22,Male,42,Beauty,1,50,50,50,2023-09-22
846,2023-04-08,Female,18,Electronics,4,300,1200,1200,2023-04-08
847,2023-02-13,Female,63,Clothing,3,25,75,75,2023-02-13
848,2023-05-04,Male,32,Clothing,2,25,50,50,2023-05-04
849,2023-07-28,Female,26,Beauty,2,500,1000,1000,2023-07-28
850,2023-09-08,Male,32,Electronics,2,25,50,50,2023-09-08
851,2023-10-12,Female,41,Clothing,1,300,300,300,2023-10-12
852,2023-05-04,Male,21,Beauty,2,500,1000,1000,2023-05-04
853,2023-12-20,Male,29,Clothing,1,50,50,50,2023-12-20
854,2023-09-01,Male,54,Beauty,1,25,25,25,2023-09-01
855,2023-11-27,Male,54,Electronics,4,30,120,120,2023-11-27
856,2023-12-31,Male,60,Electronics,2,25,50,50,2023-12-31
857,2023-09-09,Male,23,Electronics,2,50,100,100,2023-09-09
858,2023-08-18,Female,56,Electronics,3,500,1500,1500,2023-08-18
859,2023-01-09,Male,63,Clothing,4,50,200,200,2023-01-09
860,2023-02-17,Female,41,Clothing,3,30,90,90,2023-02-17
861,2023-05-31,Male,28,Electronics,4,300,1200,1200,2023-05-31
862,2023-04-24,Female,30,Electronics,2,25,50,50,2023-04-24
863,2023-07-27,Female,51,Electronics,1,500,500,500,2023-07-27
864,2023-12-21,Female,42,Clothing,1,300,300,300,2023-12-21
865,2023-05-05,Male,24,Electronics,1,50,50,50,2023-05-05
866,2023-06-06,Male,21,Electronics,1,500,500,500,2023-06-06
867,2023-12-06,Female,25,Electronics,1,300,300,300,2023-12-06
868,2023-10-25,Male,37,Beauty,3,500,1500,1500,2023-10-25
869,2023-07-08,Female,46,Electronics,4,30,120,120,2023-07-08
870,2023-08-31,Male,62,Beauty,2,30,60,60,2023-08-31
871,2023-10-11,Female,63,Beauty,3,25,75,75,2023-10-11
872,2023-09-29,Female,27,Electronics,4,25,100,100,2023-09-29
873,2023-06-26,Male,60,Beauty,1,30,30,30,2023-06-26
874,2023-08-06,Female,51,Electronics,4,500,2000,2000,2023-08-06
875,2023-10-09,Male,43,Clothing,4,30,120,120,2023-10-09
876,2023-06-19,Female,58,Clothing,1,25,25,25,2023-06-19
877,2023-06-30,Female,20,Clothing,1,30,30,30,2023-06-30
878,2023-12-26,Male,23,Clothing,1,30,30,30,2023-12-26
879,2023-08-21,Male,22,Beauty,2,500,1000,1000,2023-08-21
880,2023-05-19,Male,22,Electronics,1,300,300,300,2023-05-19
881,2023-06-06,Female,64,Electronics,2,25,50,50,2023-06-06
882,2023-05-09,Male,40,Electronics,1,500,500,500,2023-05-09
883,2023-04-29,Female,26,Clothing,2,30,60,60,2023-04-29
884,2023-03-03,Female,52,Clothing,4,30,120,120,2023-03-03
885,2023-04-09,Male,37,Electronics,3,300,900,900,2023-04-09
886,2023-06-11,Male,59,Clothing,4,25,100,100,2023-06-11
887,2023-03-03,Female,52,Electronics,4,25,100,100,2023-03-03
888,2023-10-02,Female,35,Electronics,1,50,50,50,2023-10-02
889,2023-12-20,Male,34,Electronics,2,25,50,50,2023-12-20
890,2023-04-05,Male,41,Electronics,3,300,900,900,2023-04-05
891,2023-04-09,Male,20,Electronics,1,50,50,50,2023-04-09
892,2023-04-21,Male,49,Electronics,1,50,50,50,2023-04-21
893,2023-09-05,Male,52,Electronics,1,30,30,30,2023-09-05
894,2023-05-22,Female,55,Clothing,4,30,120,120,2023-05-22
895,2023-10-29,Female,30,Electronics,2,25,50,50,2023-10-29
896,2023-09-26,Female,64,Electronics,2,50,100,100,2023-09-26
897,2023-11-02,Female,42,Clothing,3,30,90,90,2023-11-02
898,2023-05-25,Male,26,Clothing,2,300,600,600,2023-05-25
899,2023-02-21,Male,21,Clothing,2,30,60,60,2023-02-21
900,2023-04-10,Male,31,Electronics,1,30,30,30,2023-04-10
901,2023-06-01,Female,54,Beauty,1,50,50,50,2023-06-01
902,2023-04-27,Female,51,Beauty,4,50,200,200,2023-04-27
903,2023-07-04,Male,28,Clothing,1,500,500,500,2023-07-04
904,2023-04-02,Male,58,Beauty,1,300,300,300,2023-04-02
905,2023-06-04,Female,20,Clothing,1,50,50,50,2023-06-04
906,2023-01-08,Female,45,Electronics,1,25,25,25,2023-01-08
907,2023-12-29,Male,46,Beauty,4,300,1200,1200,2023-12-29
908,2023-10-01,Male,26,Electronics,1,300,300,300,2023-10-01
909,2023-03-06,Female,20,Beauty,3,50,150,150,2023-03-06
910,2023-05-21,Male,42,Electronics,3,300,900,900,2023-05-21
911,2023-01-24,Male,51,Beauty,3,50,150,150,2023-01-24
912,2023-01-28,Male,29,Electronics,3,30,90,90,2023-01-28
913,2023-10-11,Female,59,Electronics,1,500,500,500,2023-10-11
914,2023-05-30,Female,26,Beauty,3,30,90,90,2023-05-30
915,2023-12-24,Female,32,Electronics,1,50,50,50,2023-12-24
916,2023-03-06,Female,57,Electronics,4,50,200,200,2023-03-06
917,2023-11-23,Female,42,Electronics,3,30,90,90,2023-11-23
918,2023-09-09,Female,22,Beauty,2,25,50,50,2023-09-09
919,2023-02-22,Female,28,Beauty,3,25,75,75,2023-02-22
920,2023-01-07,Male,51,Electronics,3,25,75,75,2023-01-07
921,2023-10-21,Male,41,Electronics,1,50,50,50,2023-10-21
922,2023-05-26,Male,32,Beauty,3,300,900,900,2023-05-26
923,2023-08-29,Male,55,Beauty,2,50,100,100,2023-08-29
924,2023-09-03,Male,25,Electronics,1,300,300,300,2023-09-03
925,2023-08-14,Male,22,Electronics,1,30,30,30,2023-08-14
926,2023-06-24,Male,43,Electronics,4,500,2000,2000,2023-06-24
927,2023-04-05,Female,35,Clothing,4,300,1200,1200,2023-04-05
928,2023-01-27,Female,23,Beauty,3,25,75,75,2023-01-27
929,2023-05-10,Male,54,Clothing,4,50,200,200,2023-05-10
930,2023-09-02,Male,30,Beauty,4,30,120,120,2023-09-02
931,2023-02-28,Female,45,Beauty,4,25,100,100,2023-02-28
932,2023-02-03,Male,22,Beauty,1,30,30,30,2023-02-03
933,2023-07-25,Male,30,Beauty,1,500,500,500,2023-07-25
934,2023-09-09,Female,34,Beauty,1,50,50,50,2023-09-09
935,2023-02-07,Male,57,Beauty,4,50,200,200,2023-02-07
936,2023-10-23,Female,62,Beauty,1,500,500,500,2023-10-23
937,2023-11-19,Male,49,Clothing,4,50,200,200,2023-11-19
938,2023-12-18,Female,46,Electronics,1,300,300,300,2023-12-18
939,2023-01-28,Female,20,Electronics,1,30,30,30,2023-01-28
940,2023-03-19,Female,57,Clothing,2,25,50,50,2023-03-19
941,2023-03-18,Male,51,Clothing,3,500,1500,1500,2023-03-18
942,2023-10-16,Female,57,Clothing,4,300,1200,1200,2023-10-16
943,2023-06-05,Male,44,Clothing,2,25,50,50,2023-06-05
944,2023-02-13,Male,30,Beauty,1,25,25,25,2023-02-13
945,2023-05-08,Male,62,Electronics,4,500,2000,2000,2023-05-08
946,2023-03-02,Male,50,Beauty,1,300,300,300,2023-03-02
947,2023-10-13,Female,23,Electronics,3,25,75,75,2023-10-13
948,2023-08-02,Female,41,Electronics,2,25,50,50,2023-08-02
949,2023-11-07,Male,36,Clothing,3,300,900,900,2023-11-07
950,2023-11-02,Male,33,Beauty,2,50,100,100,2023-11-02
951,2023-11-13,Female,57,Clothing,1,25,25,25,2023-11-13
952,2023-04-26,Male,45,Beauty,3,30,90,90,2023-04-26
953,2023-09-25,Female,50,Electronics,3,300,900,900,2023-09-25
954,2023-07-14,Male,58,Clothing,1,25,25,25,2023-07-14
955,2023-08-19,Male,30,Clothing,3,500,1500,1500,2023-08-19
956,2023-08-15,Female,60,Electronics,4,30,120,120,2023-08-15
957,2023-06-02,Male,62,Electronics,2,25,50,50,2023-06-02
958,2023-10-29,Female,42,Electronics,2,30,60,60,2023-10-29
959,2023-08-08,Male,59,Clothing,2,30,60,60,2023-08-08
960,2023-06-06,Male,53,Beauty,4,50,200,200,2023-06-06
961,2023-10-19,Male,44,Clothing,2,30,60,60,2023-10-19
962,2023-11-14,Female,55,Beauty,1,50,50,50,2023-11-14
963,2023-01-31,Male,24,Clothing,3,300,900,900,2023-01-31
964,2023-11-09,Male,22,Clothing,4,50,200,200,2023-11-09
965,2023-02-20,Male,60,Electronics,2,500,1000,1000,2023-02-20
966,2023-04-17,Male,62,Beauty,1,25,25,25,2023-04-17
967,2023-11-17,Female,48,Clothing,3,300,900,900,2023-11-17
968,2023-04-19,Female,40,Clothing,3,300,900,900,2023-04-19
969,2023-05-16,Male,59,Electronics,4,500,2000,2000,2023-05-16
970,2023-12-05,Female,27,Electronics,4,50,200,200,2023-12-05
971,2023-02-11,Male,49,Beauty,4,25,100,100,2023-02-11
972,2023-03-22,Male,60,Clothing,1,50,50,50,2023-03-22
973,2023-05-03,Male,47,Beauty,1,30,30,30,2023-05-03
974,2023-03-30,Female,56,Clothing,4,50,200,200,2023-03-30
975,2023-10-10,Female,48,Beauty,2,300,600,600,2023-10-10
976,2023-02-08,Female,35,Electronics,3,25,75,75,2023-02-08
977,2023-03-22,Female,53,Clothing,3,50,150,150,2023-03-22
978,2023-01-02,Female,19,Beauty,1,25,25,25,2023-01-02
979,2023-07-29,Female,31,Electronics,3,25,75,75,2023-07-29
980,2023-08-19,Female,30,Electronics,2,30,60,60,2023-08-19
981,2023-12-19,Female,46,Beauty,3,30,90,90,2023-12-19
982,2023-11-01,Female,29,Clothing,1,300,300,300,2023-11-01
983,2023-08-29,Male,56,Clothing,1,500,500,500,2023-08-29
984,2023-05-30,Female,19,Electronics,2,25,50,50,2023-05-30
985,2023-01-17,Female,49,Clothing,2,500,1000,1000,2023-01-17
986,2023-04-29,Female,30,Clothing,3,300,900,900,2023-04-29
987,2023-05-28,Female,63,Clothing,3,25,75,75,2023-05-28
988,2023-12-28,Female,44,Electronics,1,25,25,25,2023-12-28
989,2023-05-25,Female,58,Beauty,2,500,1000,1000,2023-05-25
990,2023-12-26,Female,34,Clothing,2,50,100,100,2023-12-26
991,2023-08-21,Female,57,Electronics,2,30,60,60,2023-08-21
992,2023-02-06,Female,48,Electronics,3,50,150,150,2023-02-06
993,2023-12-18,Female,51,Beauty,2,500,1000,1000,2023-12-18
994,2023-04-30,Female,41,Clothing,1,30,30,30,2023-04-30
995,2023-05-16,Male,62,Clothing,1,50,50,50,2023-05-16
996,2023-11-17,Male,52,Beauty,3,30,90,90,2023-11-17
997,2023-10-29,Female,23,Beauty,4,25,100,100,2023-10-29
998,2023-12-05,Female,36,Electronics,3,50,150,150,2023-12-05
999,2023-04-12,Male,47,Electronics,4,30,120,120,2023-04-12
